Name,ID
Greatest Events of WWII in Colour,80989924
Roman Empire,80096545
The Last Czars,80211648
The Keepers,80122179
The Confession Tapes,80161702
Medal of Honor,80169786
Five Came Back,80049928
ReMastered: Devil at the Crossroads,80191049
Bobby Kennedy for President,80174282
Captive,80065491
Wormwood,80059446
ReMastered: Tricky Dick & The Man in Black,80191051
Struggle: The Life and Lost Art of Szukalski,80109551
Examination of Conscience,80991879
The Battered Bastards of Baseball,70299904
KENGAN ASHURA,80992228
BAKI,80204451
Castlevania,80095241
​SAINT SEIYA: Knights of the Zodiac,80186926
Magi: Adventure of Sinbad,80103331
Kakegurui,80175351
Violet Evergarden,80182123
The Disastrous Life of Saiki K.: Reawakened,81054849
Teasing Master Takagi-san,80228274
SWORDGAI The Animation,80175350
Devilman Crybaby,80174974
Ultraman,80231373
B: The Beginning,80097594
Fate/Apocrypha,80180849
Ultramarine Magmell,81019771
Little Witch Academia,80156387
7SEEDS,80183051
CAROLE & TUESDAY,80992137
Forest of Piano,80986797
Hi Score Girl,80997338
Seis Manos,80217066
AJIN: Demi-Human,80043576
Back Street Girls -GOKUDOLS-,80996957
Aggretsuko,80198505
Sirius the Jaeger,80997339
Kabaneri of the Iron Fortress: The Battle of Unato,81095103
Levius,80156799
Children of the Whales,80174917
Rilakkuma and Kaoru,80196883
LOST SONG,80191369
LAST HOPE,80221272
Cannon Busters,80195357
A.I.C.O.,80161848
revisions,80992787
Ingress: The Animation,80992853
Kuromukuro,80103318
Fate/EXTRA Last Encore,80185145
HERO MASK,80200027
Cyborg 009: Call of Justice,80057749
DRAGON PILOT: Hisone & Masotan,80241960
ID-0,80174918
Aggretsuko: We Wish You a Metal Christmas,81008536
Dracula,80997687
Van Helsing,80121349
Typewriter,80996338
V Wars,80236118
"Love, Death & Robots",80174608
October Faction,80221644
GHOUL,80245450
Diablero,80172145
Daybreak,80197462
Castlevania,80095241
Black Summer,80198988
The Order,80238357
Haunted,80195378
Marianne,80217779
Glitch,80108495
Santa Clarita Diet,80095815
The Mist,80135414
Devilman Crybaby,80174974
Scream,80053653
Slasher,80105452
Ares,80995039
Prank Encounters,81017316
Nightflyers,80202133
Ghost Wars,80190931
From Dusk Till Dawn,70304245
Hemlock Grove,70242310
Immortals,81026095
Chambers,80210361
Superstition,80176219
Kabaneri of the Iron Fortress: The Battle of Unato,81095103
Until Dawn,81074060
Crazyhead,80104983
Miss Americana,81028336
Rise of Empires: Ottoman,80990771
The Pharmacist,81002576
Our Planet,80049832
Night on Earth,80218938
Wild Wild Country,80145240
Greatest Events of WWII in Colour,80989924
Roman Empire,80096545
"Sex, Explained",81160763
Don't F**k with Cats: Hunting an Internet Killer,81031373
Formula 1: Drive to Survive,80204890
Inside Bill's Brain: Decoding Bill Gates,80184771
Explained,80216752
Cricket Fever: Mumbai Indians,80222770
"The Mind, Explained",81098586
Abstract: The Art of Design,80057883
Conversations with a Killer: The Ted Bundy Tapes,80226612
Street Food,80244996
Dirty Money,80118100
I AM A KILLER,80202283
Killer Inside: The Mind of Aaron Hernandez,81062828
The Last Czars,80211648
Chef's Table,80007945
The Great Hack,80117542
"Bikram: Yogi, Guru, Predator",80221584
Pandemic: How to Prevent an Outbreak,81026143
Evil Genius: the True Story of America's Most Diabolical Bank Heist,80158319
Cheer,81039393
Travis Scott: Look Mom I Can Fly,81046796
Inside the World’s Toughest Prisons,80116922
Tony Robbins: I Am Not Your Guru,80102204
Drug Lords,80177803
Hot Girls Wanted,80038162
72 Dangerous Animals: Asia,80165437
Hip-Hop Evolution,80141782
The Devil Next Door,80201488
Night on Earth: Shot in the Dark,81168505
Our Planet - Behind The Scenes,81082125
FYRE: The Greatest Party That Never Happened,81035279
Rotten,80146284
Kevin Hart: Don’t F**k This Up,81010817
Trump: An American Dream,80206395
Dancing with the Birds,80186796
The Confession Killer,80213588
Terrorism Close Calls,80185048
Making a Murderer,80000770
Broken,81002391
Dogs,80191036
The Keepers,80122179
The Chef Show,81028317
Hot Girls Wanted: Turned On,80115676
The Cuba Libre Story,80109535
The Staircase,80233441
The Irishman: In Conversation,81212801
Narcoworld: Dope Stories,81169145
Tales by Light,80133187
Period. End of Sentence.,81074663
The Confession Tapes,80161702
Icarus,80168079
American Factory,81090071
72 Dangerous Animals: Latin America,80165247
The Edge of Democracy,80190535
Dope,80178726
Dark Tourist,80189791
Russell Peters vs. the World,70293417
The Road to El Camino: Behind the Scenes of El Camino: A Breaking Bad Movie,81211714
Diagnosis,80201543
ARASHI's Diary -Voyage-,81219073
Somebody Feed Phil,80146601
The Family,80063867
Unnatural Selection,80208910
Inside the Real Narcos,80240817
Ugly Delicious,80170368
Flavorful Origins,80991060
The Defiant Ones,80214552
Bodyguard,80235864
The Haunting of Hill House,80189221
Elite,80200942
The Sinner,80175802
Manhunt,80176878
The Gift,81037848
Perfume,80200596
The Alienist,80149395
High Seas,80233258
The Order,80238357
The Ghost Bride,80241234
The OA,80044950
Glitch,80108495
Evil Genius: the True Story of America's Most Diabolical Bank Heist,80158319
Black,80214013
Scream,80053653
The Indian Detective,80190279
Dirk Gently's Holistic Detective Agency,80119426
Black Spot,81079046
The A List,80196382
Slasher,80105452
Criminal: UK,80216172
Somewhere Between,80173623
Bloodline,80010655
Secret City,80211136
Safe,80201500
The Keepers,80122179
The Forest,80240691
The Frankenstein Chronicles,80161335
The Staircase,80233441
Bordertown,80145143
Hemlock Grove,70242310
The Break,80142550
Chambers,80210361
La Mante,80208337
Between,80022632
The Chalet,80232914
Criminal: Germany,81020518
13 Commandments,81054831
Million Yen Women,80170687
One of Us,80141960
Erased,80173711
Criminal: France,81020513
Criminal: Spain,81020523
Black Earth Rising,80145141
Deadwind,80243728
1983,80205593
Requiem,80184068
Tabula Rasa,80206360
Re:Mind,80198794
Grace and Frankie,80017537
Fuller House,80051137
Family Reunion,80234451
Mr. Iglesias,80209013
One Day at a Time,80095532
Disjointed,80117694
Crashing,80133117
F is for Family,80028732
Derry Girls,80238565
The Kominsky Method,80201680
Unbreakable Kimmy Schmidt,80025384
Master of None,80049714
Trailer Park Boys,70153385
Norsemen,80180182
Everything Sucks!,80117551
Merry Happy Whatever,80997965
Lovesick,80041601
A Family Reunion Christmas,81004748
Sick Note,80998905
All About the Washingtons,80211884
White Gold,80191680
The Sound of Your Heart,80155793
BoJack Horseman Christmas Special: Sabrina's Christmas Wish,80019503
Real Rob,80074503
Derek,70258489
Pacific Heat,80106265
The Sound of Your Heart: Reboot,81029884
Wet Hot American Summer: First Day of Camp,80039813
Wet Hot American Summer: Ten Years Later,80117800
Lady Dynamite,80046193
Toon,81064730
Samantha!,80173174
YG Future Strategy Office,80220650
Paquita Salas,80195828
Stranger Things,80057281
Vir Das: For India,80995996
Chilling Adventures of Sabrina,80223989
6 Underground,81001887
Crash Landing on You,81159258
Ghost Stories,81088083
Lost in Space,80104198
Bard of Blood,80225885
BoJack Horseman,70300800
Titans,80218200
Ragnarok,80232926
The End of the F***ing World,80175722
Messiah,80117557
What the Love! with Karan Johar,81038824
Dark,80100172
THE STRANGER,81001209
The Crown,80025678
The Spy,80178151
Black Mirror,70264888
Uncut Gems,80990663
Designated Survivor,80113647
Drive,81189912
MINDHUNTER,80114855
Orange Is the New Black,70242311
Dracula,80997687
Shadowhunters: The Mortal Instruments,80084447
Next in Fashion,81026300
KENGAN ASHURA,80992228
The Protector,80189829
Elite,80200942
Another Life,80236236
The Perfect Date,81019888
Anne with an E,80136311
House Arrest,81076114
Triple Frontier,80192187
Easy,80095699
You Me Her,80103417
The Irishman,80175798
Murder Mystery,80242619
Unbelievable,80153467
Insatiable,80179905
Typewriter,80996338
Marriage Story,80223779
Playing with Fire,81069463
Tall Girl,81002412
Handsome Siblings,80996973
Love Alarm,80168068
V Wars,80236118
The Ranch,80077977
"Oh, Ramona!",81092909
Leila,80222951
Grace and Frankie,80017537
Greatest Events of WWII in Colour,80989924
Roman Empire,80096545
Marvel's The Punisher,80117498
"Sex, Explained",81160763
"Love, Death & Robots",80174608
In the Tall Grass,80237905
October Faction,80221644
Dynasty,80179394
Don't F**k with Cats: Hunting an Internet Killer,81031373
Virgin River,80240027
The Silence,81021447
Atypical,80117540
Well-Intended Love,81092192
Patriot Act with Hasan Minhaj,80239931
Airplane Mode,81056195
Formula 1: Drive to Survive,80204890
The Two Popes,80174451
Falling Inn Love,80999781
Inside Bill's Brain: Decoding Bill Gates,80184771
The Umbrella Academy,80186863
Explained,80216752
Itaewon Class,81193309
Chopsticks,80993095
Sex Education,80197526
Jamtara - Sabka Number Ayega,81183491
Money Heist,80192098
Sacred Games,80115328
Little Things,81011159
The Witcher,80189685
Lucifer,80057918
You,80211991
Delhi Crime,81076756
Stranger Things,80057281
Chilling Adventures of Sabrina,80223989
Crash Landing on You,81159258
Lost in Space,80104198
Peaky Blinders,80002479
Narcos,80025172
Bard of Blood,80225885
13 Reasons Why,80117470
BoJack Horseman,70300800
Titans,80218200
Ragnarok,80232926
Rise of Empires: Ottoman,80990771
The End of the F***ing World,80175722
Messiah,80117557
What the Love! with Karan Johar,81038824
Dark,80100172
THE STRANGER,81001209
The Crown,80025678
The Spy,80178151
Black Mirror,70264888
Marvel's Iron Fist,80002612
Designated Survivor,80113647
MINDHUNTER,80114855
Orange Is the New Black,70242311
Shooter,80109194
Narcos: Mexico,80997085
Dracula,80997687
Van Helsing,80121349
Bodyguard,80235864
Shadowhunters: The Mortal Instruments,80084447
Next in Fashion,81026300
KENGAN ASHURA,80992228
House of Cards,70178217
The Protector,80189829
The Haunting of Hill House,80189221
The Pharmacist,81002576
Selection Day,80194558
Elite,80200942
Another Life,80236236
El Chapo,80133042
Anne with an E,80136311
Easy,80095699
You Me Her,80103417
Marvel's Daredevil,80018294
Unbelievable,80153467
Insatiable,80179905
Typewriter,80996338
Our Planet,80049832
Playing with Fire,81069463
Night on Earth,80218938
Altered Carbon,80097140
Wild Wild Country,80145240
Handsome Siblings,80996973
Love Alarm,80168068
V Wars,80236118
The Last Kingdom,80074249
Meteor Garden,81005504
The Ranch,80077977
Leila,80222951
Grace and Frankie,80017537
Greatest Events of WWII in Colour,80989924
Roman Empire,80096545
Marvel's The Punisher,80117498
"Sex, Explained",81160763
Fauda,80113612
"Love, Death & Robots",80174608
"Sex, Explained",81160763
Explained,80216752
Cricket Fever: Mumbai Indians,80222770
"The Mind, Explained",81098586
Abstract: The Art of Design,80057883
Street Food,80244996
Dirty Money,80118100
Pandemic: How to Prevent an Outbreak,81026143
Hip-Hop Evolution,80141782
The Devil Next Door,80201488
Rotten,80146284
Trump: An American Dream,80206395
Terrorism Close Calls,80185048
Making a Murderer,80000770
Broken,81002391
The Chef Show,81028317
The Staircase,80233441
Tales by Light,80133187
Period. End of Sentence.,81074663
The Confession Tapes,80161702
American Factory,81090071
Dark Tourist,80189791
Somebody Feed Phil,80146601
The Family,80063867
Unnatural Selection,80208910
Ugly Delicious,80170368
Flavorful Origins,80991060
HOMECOMING: A film by Beyoncé,81013626
Sunderland 'Til I Die,80207046
ReMastered: Who Shot the Sheriff,80191047
The Innocent Man,80187030
Cooked,80022456
"Breakfast, Lunch & Dinner",81038022
November 13: Attack on Paris,80190097
Ladies First,80219143
Daughters of Destiny,80092926
American Factory: A Conversation with the Obamas,81176188
FIGHTWORLD,80187722
Maradona in Mexico,81034946
The Day I Met El Chapo,80184569
Time: The Kalief Browder Story,80187052
Follow This,80217889
Rolling Thunder Revue: A Bob Dylan Story by Martin Scorsese,80221016
Paul Hollywood's Big Continental Road Trip,80199032
Knock Down The House,81080637
The White Helmets,80101827
The American Meme,81003741
Voyeur,80176212
Oprah Winfrey Presents: When They See Us Now,81147766
ReMastered: Devil at the Crossroads,80191049
Happy Jail,80223113
Enter the Anime,81143771
Flint Town,80156688
Bobby Kennedy for President,80174282
13TH,80091741
Heroin(e),80192445
Exhibit A,80245117
Feminists: What Were They Thinking?,80216844
Saving Capitalism,80127558
Taco Chronicles,81040704
The Black Godfather,80173387
Living Undocumented,80209609
"Lorena, Light-Footed Woman",80244683
Little Miss Sumo,81110394
Audrie & Daisy,80097321
ReMastered: Tricky Dick & The Man in Black,80191051
Grass Is Greener,80213712
Life Overtakes Me,81034980
Virunga,80009431
Nobody Speak: Trials of the Free Press,80168227
"What Happened, Miss Simone?",70308063
Winter on Fire: Ukraine's Fight for Freedom,80031666
Struggle: The Life and Lost Art of Szukalski,80109551
Into the Inferno,80066073
Birders,80244682
Messiah,80117557
Dark,80100172
THE STRANGER,81001209
The Crown,80025678
The Spy,80178151
Black Mirror,70264888
Marvel's Iron Fist,80002612
Designated Survivor,80113647
MINDHUNTER,80114855
Orange Is the New Black,70242311
Shooter,80109194
Narcos: Mexico,80997085
Dracula,80997687
Van Helsing,80121349
Bodyguard,80235864
House of Cards,70178217
The Haunting of Hill House,80189221
Selection Day,80194558
Elite,80200942
Another Life,80236236
El Chapo,80133042
Anne with an E,80136311
Easy,80095699
Unbelievable,80153467
Insatiable,80179905
Playing with Fire,81069463
Altered Carbon,80097140
Handsome Siblings,80996973
Love Alarm,80168068
V Wars,80236118
The Last Kingdom,80074249
Meteor Garden,81005504
Leila,80222951
Grace and Frankie,80017537
Fauda,80113612
October Faction,80221644
Dynasty,80179394
Outlander,70285581
Virgin River,80240027
Atypical,80117540
Well-Intended Love,81092192
Accidentally in Love,81025800
Itaewon Class,81193309
GHOUL,80245450
Romance Is a Bonus Book,81045349
Vagabond,81095101
Unauthorized Living,80241001
Sense8,80025744
Luna Nera,80244780
How to Sell Drugs Online (Fast),80218448
Ozark,80117552
Marvel's Jessica Jones,80002311
My First First Love,81026700
Marco Polo,70305883
The Sinner,80175802
The Naked Director,80239462
The Rain,80154610
Troy: Fall of a City,80175352
A Korean Odyssey,80214405
Abyss,81087762
Marvel's Luke Cage,80002537
Black Mirror: Bandersnatch,80988062
Something in the Rain,80990935
Manhunt,80176878
Baby,80211634
The I-Land,80993062
The Society,80197989
When the Camellia Blooms,81144925
Spinning Out,80201590
The Gift,81037848
Black Summer,80198988
Chocolate,81193313
Perfume,80200596
Kingdom,80180171
After Life,80998491
Lost in Space,80104198
Bard of Blood,80225885
Lust Stories,80991033
BoJack Horseman,70300800
Titans,80218200
Ragnarok,80232926
6 Underground,81001887
Miss Americana,81028336
Rise of Empires: Ottoman,80990771
The End of the F***ing World,80175722
Messiah,80117557
What the Love! with Karan Johar,81038824
Ghost Stories,81088083
Dark,80100172
THE STRANGER,81001209
The Crown,80025678
The Spy,80178151
Black Mirror,70264888
Uncut Gems,80990663
Marvel's Iron Fist,80002612
Designated Survivor,80113647
Drive,81189912
MINDHUNTER,80114855
To All the Boys I’ve Loved Before,80203147
Orange Is the New Black,70242311
Shooter,80109194
Narcos: Mexico,80997085
Dracula,80997687
Van Helsing,80121349
Bodyguard,80235864
Shadowhunters: The Mortal Instruments,80084447
Mowgli: Legend of the Jungle,80993105
Next in Fashion,81026300
KENGAN ASHURA,80992228
House of Cards,70178217
The Protector,80189829
The Haunting of Hill House,80189221
The Kissing Booth,80143556
The Pharmacist,81002576
Selection Day,80194558
Elite,80200942
Another Life,80236236
El Chapo,80133042
The Perfect Date,81019888
Anne with an E,80136311
House Arrest,81076114
Triple Frontier,80192187
Easy,80095699
You Me Her,80103417
The Irishman,80175798
Murder Mystery,80242619
Marvel's Daredevil,80018294
Unbelievable,80153467
Insatiable,80179905
Typewriter,80996338
Bird Box,80196789
Our Planet,80049832
Marriage Story,80223779
Playing with Fire,81069463
Tall Girl,81002412
Night on Earth,80218938
Altered Carbon,80097140
Wild Wild Country,80145240
Handsome Siblings,80996973
Love Alarm,80168068
V Wars,80236118
The Last Kingdom,80074249
Meteor Garden,81005504
The Ranch,80077977
"Oh, Ramona!",81092909
Leila,80222951
Grace and Frankie,80017537
Greatest Events of WWII in Colour,80989924
Roman Empire,80096545
Marvel's The Punisher,80117498
Marvel's Iron Fist,80002612
Designated Survivor,80113647
MINDHUNTER,80114855
Shooter,80109194
Narcos: Mexico,80997085
Shadowhunters: The Mortal Instruments,80084447
Next in Fashion,81026300
House of Cards,70178217
The Haunting of Hill House,80189221
The Pharmacist,81002576
Another Life,80236236
El Chapo,80133042
Easy,80095699
You Me Her,80103417
Marvel's Daredevil,80018294
Unbelievable,80153467
Insatiable,80179905
Our Planet,80049832
Night on Earth,80218938
Altered Carbon,80097140
Wild Wild Country,80145240
V Wars,80236118
The Ranch,80077977
Grace and Frankie,80017537
Roman Empire,80096545
Marvel's The Punisher,80117498
"Sex, Explained",81160763
"Love, Death & Robots",80174608
October Faction,80221644
Dynasty,80179394
Don't F**k with Cats: Hunting an Internet Killer,81031373
Outlander,70285581
Virgin River,80240027
Atypical,80117540
Patriot Act with Hasan Minhaj,80239931
Formula 1: Drive to Survive,80204890
Inside Bill's Brain: Decoding Bill Gates,80184771
The Umbrella Academy,80186863
Explained,80216752
Sense8,80025744
Star Trek: Discovery,80126024
Big Mouth,80117038
Wu Assassins,80230293
Ozark,80117552
Fuller House,80051137
Marvel's Jessica Jones,80002311
Family Reunion,80234451
Marco Polo,70305883
Daybreak,80197462
The Sinner,80175802
"The Mind, Explained",81098586
Marvel's Luke Cage,80002537
Mr. Iglesias,80209013
Manhunt,80176878
Castlevania,80095241
The I-Land,80993062
The Society,80197989
Spinning Out,80201590
Black Summer,80198988
Final Space,80174479
The Alienist,80149395
One Day at a Time,80095532
COMEDIANS of the world,81008236
Bad Blood,80221787
Russian Doll,80211627
Disjointed,80117694
Disenchantment,80095697
When They See Us,80200549
Abstract: The Art of Design,80057883
The Order,80238357
Marvel's The Defenders,80002566
Good Girls,80177342
Conversations with a Killer: The Ted Bundy Tapes,80226612
Street Food,80244996
Dirty Money,80118100
El Chapo,80133042
Marvel's Daredevil,80018294
Unbelievable,80153467
Altered Carbon,80097140
Marvel's The Punisher,80117498
Fauda,80113612
Don't F**k with Cats: Hunting an Internet Killer,81031373
Unauthorized Living,80241001
How to Sell Drugs Online (Fast),80218448
Ozark,80117552
Marvel's Jessica Jones,80002311
The Sinner,80175802
Abyss,81087762
Marvel's Luke Cage,80002537
Manhunt,80176878
You Cannot Hide,81073424
Perfume,80200596
Locked Up,80059465
The Alienist,80149395
High Seas,80233258
Travelers,80105699
Bad Blood,80221787
El Dragón: Return of a Warrior,81098497
When They See Us,80200549
Marvel's The Defenders,80002566
Good Girls,80177342
Conversations with a Killer: The Ted Bundy Tapes,80226612
Dirty Money,80118100
I AM A KILLER,80202283
Killer Inside: The Mind of Aaron Hernandez,81062828
Hache,80241387
La Reina del Sur,70205672
The Inmate,81025403
Giri / Haji,80190519
Triad Princess,81019391
Evil Genius: the True Story of America's Most Diabolical Bank Heist,80158319
Black,80214013
Inside the World’s Toughest Prisons,80116922
Medical Police,81011449
The Indian Detective,80190279
Trailer Park Boys,70153385
Ingobernable,80066429
Alias Grace,80119411
Dirk Gently's Holistic Detective Agency,80119426
Drug Lords,80177803
Black Spot,81079046
Undercover,80225312
Unsolved,80177416
American Vandal,80117545
The Devil Next Door,80201488
B: The Beginning,80097594
Stranger,80187302
Dirty John,80241855
Top Boy,80217669
Marcella,80094728
Happy!,80177346
Tidelands,80191239
Wanted,80195522
Yankee,80238711
Criminal: UK,80216172
Better Than Us,81026915
Somewhere Between,80173623
The Confession Killer,80213588
Terrorism Close Calls,80185048
Making a Murderer,80000770
Unit 42,81027195
Safe,80201500
The Keepers,80122179
The Forest,80240691
The Frankenstein Chronicles,80161335
The Staircase,80233441
Narcoworld: Dope Stories,81169145
The Club,80238391
Bitter Daisies,80992232
Bordertown,80145143
To All the Boys I’ve Loved Before,80203147
The Kissing Booth,80143556
The Perfect Date,81019888
House Arrest,81076114
Murder Mystery,80242619
Tall Girl,81002412
"Oh, Ramona!",81092909
Love Per Square Foot,80227304
Vir Das: Losing It,80995991
Airplane Mode,81056195
Falling Inn Love,80999781
Vir Das: Abroad Understanding,80133552
Chopsticks,80993095
Shaft,80232655
The Last Summer,80999729
Let It Snow,80201542
Rajma Chawal,81018377
The Babysitter,80164456
Set It Up,80184100
Sierra Burgess Is a Loser,80239639
The Package,80175147
The Christmas Chronicles,80199682
The Knight Before Christmas,81026188
#realityhigh,80125979
Someone Great,80202920
Isn't It Romantic,80200642
The Laundromat,80994011
When We First Met,80117531
Okja,80091936
Always Be My Maybe,80202874
Kevin Hart: Irresponsible,80174687
Russell Peters: Almost Famous,80115464
Grandma's Wedding,80990341
"Live Twice, Love Once",80233408
Upstarts,80998890
Hasan Minhaj: Homecoming King,80134781
Alex Strangelove,80168189
Ronny Chieng: Asian Comedian Destroys America!,81070659
The Do-Over,80063265
Russell Peters: Notorious,70280748
Ricky Gervais: Humanity,80189653
The Week Of,80183328
Ibiza,80195049
Trevor Noah: Son of Patricia,80239932
"Gabriel ""Fluffy"" Iglesias: One Show Fits All",80237903
All the Freckles in the World,81006825
Naked,80142058
Tom Papa: You're Doing Great!,81103777
Trevor Noah: Afraid of the Dark,80134969
The Ridiculous 6,80039517
Dolemite Is My Name,80182014
Gabriel lglesias: I’m Sorry For What I Said When I Was Hungry,80117628
Like Father,80174897
The Dirt,80169469
War Machine,80068327
Dave Chappelle: Sticks & Stones,81140577
The Ballad of Buster Scruggs,80200267
Sextuplets,80231419
Brij Mohan Amar Rahe,80992995
Dave Chappelle,80171965
Happy Anniversary,80143362
Step Sisters,80158485
The Fundamentals of Caring,80097349
Little Evil,80139506
True Memoirs of an International Assassin,80091658
Bill Burr: Paper Tiger,81060174
15 August,81033429
Otherhood,80211623
"Game Over, Man!",80169617
Dude,80192186
Dave Chappelle: Equanimity & The Bird Revelation,80230402
Girls With Balls,80198508
Aditi Mittal: Things They Wouldn't Let Me Say,80183329
Kevin Hart: What Now?,80106743
Home Again,80187055
Lucifer,80057918
You,80211991
Delhi Crime,81076756
Peaky Blinders,80002479
Narcos,80025172
13 Reasons Why,80117470
Dark,80100172
THE STRANGER,81001209
Marvel's Iron Fist,80002612
Designated Survivor,80113647
MINDHUNTER,80114855
Shooter,80109194
Narcos: Mexico,80997085
Bodyguard,80235864
Elite,80200942
El Chapo,80133042
Unbelievable,80153467
Altered Carbon,80097140
Fauda,80113612
Unauthorized Living,80241001
How to Sell Drugs Online (Fast),80218448
Ozark,80117552
Marvel's Jessica Jones,80002311
The Sinner,80175802
Abyss,81087762
Marvel's Luke Cage,80002537
Manhunt,80176878
Perfume,80200596
Locked Up,80059465
The Alienist,80149395
High Seas,80233258
Travelers,80105699
Bad Blood,80221787
El Dragón: Return of a Warrior,81098497
When They See Us,80200549
Marvel's The Defenders,80002566
Good Girls,80177342
Hache,80241387
La Reina del Sur,70205672
The Inmate,81025403
Giri / Haji,80190519
Triad Princess,81019391
Black,80214013
The Indian Detective,80190279
Ingobernable,80066429
Alias Grace,80119411
Black Spot,81079046
Undercover,80225312
Unsolved,80177416
Stranger,80187302
Dirty John,80241855
Top Boy,80217669
Marcella,80094728
Tidelands,80191239
Wanted,80195522
Criminal: UK,80216172
Better Than Us,81026915
Somewhere Between,80173623
Unit 42,81027195
Safe,80201500
The Forest,80240691
The Frankenstein Chronicles,80161335
The Club,80238391
Bitter Daisies,80992232
Bordertown,80145143
Dogs of Berlin,80189522
Cocaine Coast,80215500
The Yard,81086462
Suburra: Blood on Rome,80081537
The Break,80142550
The Good Cop,80157073
Las muñecas de la mafia,80036140
Ultraviolet,80225020
Collateral,80185171
Seven Seconds,80117555
The End of the F***ing World,80175722
Orange Is the New Black,70242311
Easy,80095699
You Me Her,80103417
Insatiable,80179905
The Ranch,80077977
Grace and Frankie,80017537
Atypical,80117540
Well-Intended Love,81092192
Patriot Act with Hasan Minhaj,80239931
Accidentally in Love,81025800
Romance Is a Bonus Book,81045349
Big Mouth,80117038
How to Sell Drugs Online (Fast),80218448
Fuller House,80051137
Family Reunion,80234451
Daybreak,80197462
Mr. Iglesias,80209013
After Life,80998491
Final Space,80174479
Workin' Moms,80198991
One Day at a Time,80095532
COMEDIANS of the world,81008236
Russian Doll,80211627
Disjointed,80117694
Disenchantment,80095697
Good Girls,80177342
Chewing Gum,80130911
Crashing,80133117
Love,80026506
Living with Yourself,80178724
F is for Family,80028732
Scissor Seven,81156880
"Hello, My Twenties!",80128686
Derry Girls,80238565
The Politician,80241248
Santa Clarita Diet,80095815
The Kominsky Method,80201680
Triad Princess,81019391
Dead to Me,80219707
Unbreakable Kimmy Schmidt,80025384
Good Morning Call,80092878
AJ and the Queen,80237329
Paradise PD,80191522
Medical Police,81011449
The Indian Detective,80190279
Master of None,80049714
Trailer Park Boys,70153385
On My Block,80117809
Daniel Sloss: Live Shows,80223685
The Hook Up Plan,80190086
Dirk Gently's Holistic Detective Agency,80119426
Girlboss,80115671
American Vandal,80117545
Gilmore Girls: A Year in the Life,80109415
BONDING,81004814
Friends from College,80117485
Always a Witch,80205595
Happy!,80177346
Wanderlust,80211465
Busted!,80209553
Norsemen,80180182
Everything Sucks!,80117551
Merry Happy Whatever,80997965
Prank Encounters,81017316
GLOW,80114988
Ellen DeGeneres: Relatable,80166467
Lovesick,80041601
Dave Chappelle,80171965
Home for Christmas,81083590
The Club,80238391
A Family Reunion Christmas,81004748
Dear White People,80095698
Comedians in Cars Getting Coffee,80171362
Magic for Humans,80190510
The Boss Baby: Back in Business,80178943
Mighty Little Bheem,80211492
Alexa & Katie,80174285
The InBESTigators,80243216
The Worst Witch,80130521
A Series of Unfortunate Events,80050008
The Healing Powers of Dude,80239306
Fast & Furious Spy Racers,80225085
Greenhouse Academy,80095435
The Dragon Prince,80212245
The Epic Tales of Captain Underpants,80179782
Dragons: Rescue Riders,80218107
THE UNLISTED,80222326
Project Mc²,80058852
Raising Dion,80117803
Trollhunters: Tales of Arcadia,80075820
Richie Rich,80020540
Go! Live Your Way,80220541
Free Rein,80134695
Voltron: Legendary Defender,80075595
Carmen Sandiego,80167821
The New Legends of Monkey,80184682
Ever After High,70300626
Creeped Out,80214792
Word Party,80063705
Larva Island,80991329
The Last Kids on Earth,80219119
Team Kaylie,80238106
All Hail King Julien,80018987
Kong: King of the Apes,80023612
Mighty Little Bheem: Diwali,81020066
Malibu Rescue: The Series,80244783
Green Eggs and Ham,80057250
H2O: Mermaid Adventures,80025553
True and the Rainbow Kingdom,80063599
LEGO Friends: The Power of Friendship,80058427
Some Assembly Required,80042307
Super Monsters,80124711
The Magic School Bus Rides Again,80108373
Ask the StoryBots,80108159
You vs. Wild,80227574
3Below: Tales of Arcadia,80179784
Spy Kids: Mission Critical,80115341
Reboot: The Guardian Code,80217957
Skylanders Academy,80113201
Kipo and the Age of Wonderbeasts,80221553
No Good Nick,80231658
Spirit Riding Free: Pony Tales,81094271
Brainchild,80215086
Toot-Toot Cory Carson,80237347
Edgar Rice Burroughs' Tarzan and Jane,80057506
Chip and Potato,80213643
Puffin Rock,80044965
LEGO Elves: Secrets of Elvendale,80105933
The Who Was? Show,80184379
Wakfu,80003196
Llama Llama,80115338
Charlie's Colorforms City,80189632
All Hail King Julien: Exiled,80174364
Lost & Found Music Studios,80063989
She-Ra and the Princesses of Power,80179762
Harvey Girls Forever!,80178941
Hilda,80115346
Treehouse Detectives,80147923
Luna Petunia,80057171
True: Magical Friends,80243582
Best.Worst.Weekend.Ever.,80207486
Ponysitters Club,80245299
Stretch Armstrong & the Flex Fighters,80095988
True: Wonderful Wishes,80243473
Luna Petunia: Return to Amazia,80202146
Prince of Peoria,80223556
Hello Ninja,80227818
LEGO Bionicle: The Journey to One,80062112
The Hollow,80147919
